sl__no_,state_ut,sc_st__prevention_of_atrocities__act_r_w_ipc__total____i___col__3_,sc_st__prevention_of_atrocities__act_r_w_ipc__total____v___col__4_,sc_st__prevention_of_atrocities__act_r_w_ipc__total____r___col__5_,sc_st__prevention_of_atrocities__act___murder__sec__302_ipc____i___col__6_,sc_st__prevention_of_atrocities__act___murder__sec__302_ipc____v___col__7_,sc_st__prevention_of_atrocities__act___murder__sec__302_ipc____r___col__8_,sc_st__prevention_of_atrocities__act___attempt_to_commit_murder__sec__307_ipc____i___col__9_,sc_st__prevention_of_atrocities__act___attempt_to_commit_murder__sec__307_ipc____v___col__10_,sc_st__prevention_of_atrocities__act___attempt_to_commit_murder__sec__307_ipc____r___col__11_,sc_st__prevention_of_atrocities__act_r_w_ipc___simple_hurt__secs__323_r_w_324__327__328__330__332__353_ipc____i___col__12_,sc_st__prevention_of_atrocities__act_r_w_ipc___simple_hurt__secs__323_r_w_324__327__328__330__332__353_ipc____v___col__13_,sc_st__prevention_of_atrocities__act_r_w_ipc___simple_hurt__secs__323_r_w_324__327__328__330__332__353_ipc____r___col__14_,sc_st__prevention_of_atrocities__act_r_w_ipc___grievous_hurt___grievous_hurt__sec__325_and_326_ipc___total____i___col__15_,sc_st__prevention_of_atrocities__act_r_w_ipc___grievous_hurt___grievous_hurt__sec__325_and_326_ipc___total____v___col__16_,sc_st__prevention_of_atrocities__act_r_w_ipc___grievous_hurt___grievous_hurt__sec__325_and_326_ipc___total____r___col__17_,sc_st__prevention_of_atrocities__act_r_w_ipc___grievous_hurt___a__grievous_hurt___i___col__18_,sc_st__prevention_of_atrocities__act_r_w_ipc___grievous_hurt___a__grievous_hurt___v___col__19_,sc_st__prevention_of_atrocities__act_r_w_ipc___grievous_hurt___a__grievous_hurt___r___col__20_,sc_st__prevention_of_atrocities__act_r_w_ipc___grievous_hurt___b__acid_attack__sec__326a_ipc____i___col__21_,sc_st__prevention_of_atrocities__act_r_w_ipc___grievous_hurt___b__acid_attack__sec__326a_ipc____v___col__22_,sc_st__prevention_of_atrocities__act_r_w_ipc___grievous_hurt___b__acid_attack__sec__326a_ipc____r___col__23_,sc_st__prevention_of_atrocities__act_r_w_ipc___grievous_hurt___c__attempt_to_acid_attack__sec__326b_ipc____i___col__24_,sc_st__prevention_of_atrocities__act_r_w_ipc___grievous_hurt___c__attempt_to_acid_attack__sec__326b_ipc____v___col__25_,sc_st__prevention_of_atrocities__act_r_w_ipc___grievous_hurt___c__attempt_to_acid_attack__sec__326b_ipc____r___col__26_,sc_st__prevention_of_atrocities__act_r_w_ipc___grievous_hurt___d__other_grievous_hurt__secs__329__331__333__335_ipc____i___col__27_,sc_st__prevention_of_atrocities__act_r_w_ipc___grievous_hurt___v___col__28_,sc_st__prevention_of_atrocities__act_r_w_ipc___grievous_hurt___r___col__29_,sc_st__prevention_of_atrocities__act_r_w_ipc___assault_on_women_with_intent_to_outrage_her_modesty___assault_on_women_with_intent_to_outrage_her_modesty__adults_children____i___col__30_,sc_st__prevention_of_atrocities__act_r_w_ipc___assault_on_women_with_intent_to_outrage_her_modesty___assault_on_women_with_intent_to_outrage_her_modesty__adults_children____v___col__31_,sc_st__prevention_of_atrocities__act_r_w_ipc___assault_on_women_with_intent_to_outrage_her_modesty___assault_on_women_with_intent_to_outrage_her_modesty__adults_children____r___col__32_,sc_st__prevention_of_atrocities__act_r_w_ipc___assault_on_women_with_intent_to_outrage_her_modesty___a__assault_on_women__above_18_years____i___col__33_,sc_st__prevention_of_atrocities__act_r_w_ipc___assault_on_women_with_intent_to_outrage_her_modesty___a__assault_on_women__above_18_years____v___col__34_,sc_st__prevention_of_atrocities__act_r_w_ipc___assault_on_women_with_intent_to_outrage_her_modesty___a__assault_on_women__above_18_years____r___col__35_,sc_st__prevention_of_atrocities__act_r_w_ipc___assault_on_women_with_intent_to_outrage_her_modesty___a1__assault_on_adult_women_with_intent_to_outrage_her_modesty__sec__354_ipc____i___col__36_,sc_st__prevention_of_atrocities__act_r_w_ipc___assault_on_women_with_intent_to_outrage_her_modesty___a1__assault_on_adult_women_with_intent_to_outrage_her_modesty__sec__354_ipc____v___col__37_,sc_st__prevention_of_atrocities__act_r_w_ipc___assault_on_women_with_intent_to_outrage_her_modesty___a1__assault_on_adult_women_with_intent_to_outrage_her_modesty__sec__354_ipc____r___col__38_,sc_st__prevention_of_atrocities__act_r_w_ipc___assault_on_women_with_intent_to_outrage_her_modesty___a2__sexual_harassment__sec__354a_ipc____i___col__39_,sc_st__prevention_of_atrocities__act_r_w_ipc___assault_on_women_with_intent_to_outrage_her_modesty___a2__sexual_harassment__sec__354a_ipc____v___col__40_,sc_st__prevention_of_atrocities__act_r_w_ipc___assault_on_women_with_intent_to_outrage_her_modesty___a2__sexual_harassment__sec__354a_ipc____r___col__41_,sc_st__prevention_of_atrocities__act_r_w_ipc___assault_on_women_with_intent_to_outrage_her_modesty___a3__assault_or_use_of_criminal_force_on_women_with_intent_to_disrobe__sec__354b_ipc____i___col__42_,sc_st__prevention_of_atrocities__act_r_w_ipc___assault_on_women_with_intent_to_outrage_her_modesty___a3__assault_or_use_of_criminal_force_on_women_with_intent_to_disrobe__sec__354b_ipc____v___col__43_,sc_st__prevention_of_atrocities__act_r_w_ipc___assault_on_women_with_intent_to_outrage_her_modesty___a3__assault_or_use_of_criminal_force_on_women_with_intent_to_disrobe__sec__354b_ipc____r___col__44_,sc_st__prevention_of_atrocities__act_r_w_ipc___assault_on_women_with_intent_to_outrage_her_modesty___a4__voyeurism__sec__354c_ipc____i___col__45_,sc_st__prevention_of_atrocities__act_r_w_ipc___assault_on_women_with_intent_to_outrage_her_modesty___a4__voyeurism__sec__354c_ipc____v___col__46_,sc_st__prevention_of_atrocities__act_r_w_ipc___assault_on_women_with_intent_to_outrage_her_modesty___a4__voyeurism__sec__354c_ipc____r___col__47_,sc_st__prevention_of_atrocities__act_r_w_ipc___assault_on_women_with_intent_to_outrage_her_modesty___a5__stalking__sec__354d_ipc____i___col__48_,sc_st__prevention_of_atrocities__act_r_w_ipc___assault_on_women_with_intent_to_outrage_her_modesty___a5__stalking__sec__354d_ipc____v___col__49_,sc_st__prevention_of_atrocities__act_r_w_ipc___assault_on_women_with_intent_to_outrage_her_modesty___a5__stalking__sec__354d_ipc____r___col__50_,sc_st__prevention_of_atrocities__act_r_w_ipc___assault_on_women_with_intent_to_outrage_her_modesty___b__assault_of_children_pocso_act_8_and_10_or_pocso_act__sec__8_and_10_r_w_354_ipc____i___col__51_,sc_st__prevention_of_atrocities__act_r_w_ipc___assault_on_women_with_intent_to_outrage_her_modesty___b__assault_of_children_pocso_act_8_and_10_or_pocso_act__sec__8_and_10_r_w_354_ipc____v___col__52_,sc_st__prevention_of_atrocities__act_r_w_ipc___assault_on_women_with_intent_to_outrage_her_modesty___b__assault_of_children_pocso_act_8_and_10_or_pocso_act__sec__8_and_10_r_w_354_ipc____r___col__53_,sc_st__prevention_of_atrocities__act_r_w_ipc___insult_to_the_modesty_of_women__sec__509_ipc____i___col__54_,sc_st__prevention_of_atrocities__act_r_w_ipc___insult_to_the_modesty_of_women__sec__509_ipc____v___col__55_,sc_st__prevention_of_atrocities__act_r_w_ipc___insult_to_the_modesty_of_women__sec__509_ipc____r___col__56_,sc_st__prevention_of_atrocities__act_r_w_ipc___kidnapping_and_abduction___kidnapping_and_abduction__sec__363__363a__364__364a__365__366__366a__367__368_and_369_ipc___total____i___col__57_,sc_st__prevention_of_atrocities__act_r_w_ipc___kidnapping_and_abduction___kidnapping_and_abduction__sec__363__363a__364__364a__365__366__366a__367__368_and_369_ipc___total____v___col__58_,sc_st__prevention_of_atrocities__act_r_w_ipc___kidnapping_and_abduction___kidnapping_and_abduction__sec__363__363a__364__364a__365__366__366a__367__368_and_369_ipc___total____r___col__59_,sc_st__prevention_of_atrocities__act_r_w_ipc___kidnapping_and_abduction___kidnapping_and_abduction__sec_363_ipc____i___col__60_,sc_st__prevention_of_atrocities__act_r_w_ipc___kidnapping_and_abduction___kidnapping_and_abduction__sec_363_ipc____v___col__61_,sc_st__prevention_of_atrocities__act_r_w_ipc___kidnapping_and_abduction___kidnapping_and_abduction__sec_363_ipc____r___col__62_,sc_st__prevention_of_atrocities__act_r_w_ipc___kidnapping_and_abduction___a__missing_children_deemed_as_kidnapped___i___col__63_,sc_st__prevention_of_atrocities__act_r_w_ipc___kidnapping_and_abduction___a__missing_children_deemed_as_kidnapped___v___col__64_,sc_st__prevention_of_atrocities__act_r_w_ipc___kidnapping_and_abduction___a__missing_children_deemed_as_kidnapped___r___col__65_,sc_st__prevention_of_atrocities__act_r_w_ipc___kidnapping_and_abduction___b_other_kidnapping_and_abductioni___col__66_,sc_st__prevention_of_atrocities__act_r_w_ipc___kidnapping_and_abduction___b_other_kidnapping_and_abductionv___col__67_,sc_st__prevention_of_atrocities__act_r_w_ipc___kidnapping_and_abduction___b_other_kidnapping_and_abductionr___col__68_,sc_st__prevention_of_atrocities__act_r_w_ipc___kidnapping_and_abduction___kidnapping_and_abduction_for_the_purpose_of_begging__sec_363a_ipc____i___col__69_,sc_st__prevention_of_atrocities__act_r_w_ipc___kidnapping_and_abduction___kidnapping_and_abduction_for_the_purpose_of_begging__sec_363a_ipc____v___col__70_,sc_st__prevention_of_atrocities__act_r_w_ipc___kidnapping_and_abduction___kidnapping_and_abduction_for_the_purpose_of_begging__sec_363a_ipc____r___col__71_,sc_st__prevention_of_atrocities__act_r_w_ipc___kidnapping_and_abduction___kidnapping_and_abduction_in_order_to_murder__sec_364_ipc____i___col__72_,sc_st__prevention_of_atrocities__act_r_w_ipc___kidnapping_and_abduction___kidnapping_and_abduction_in_order_to_murder__sec_364_ipc____v___col__73_,sc_st__prevention_of_atrocities__act_r_w_ipc___kidnapping_and_abduction___kidnapping_and_abduction_in_order_to_murder__sec_364_ipc____r___col__74_,sc_st__prevention_of_atrocities__act_r_w_ipc___kidnapping_and_abduction___kidnapping_for_ransom__sec__364a_ipc____i___col__75_,sc_st__prevention_of_atrocities__act_r_w_ipc___kidnapping_and_abduction___kidnapping_for_ransom__sec__364a_ipc____v___col__76_,sc_st__prevention_of_atrocities__act_r_w_ipc___kidnapping_and_abduction___kidnapping_for_ransom__sec__364a_ipc____r___col__77_,sc_st__prevention_of_atrocities__act_r_w_ipc___kidnapping_and_abduction___kidnapping_and_abduction_of_women_to_compel_her_for_marriage__sec_366_ipc____i___col__78_,sc_st__prevention_of_atrocities__act_r_w_ipc___kidnapping_and_abduction___kidnapping_and_abduction_of_women_to_compel_her_for_marriage__sec_366_ipc____v___col__79_,sc_st__prevention_of_atrocities__act_r_w_ipc___kidnapping_and_abduction___kidnapping_and_abduction_of_women_to_compel_her_for_marriage__sec_366_ipc____r___col__80_,sc_st__prevention_of_atrocities__act_r_w_ipc___kidnapping_and_abduction___kidnapping_and_abduction_of_women_to_compel_her_for_marriage__sec_366_ipc____i___col__81_,sc_st__prevention_of_atrocities__act_r_w_ipc___kidnapping_and_abduction___kidnapping_and_abduction_of_women_to_compel_her_for_marriage__sec_366_ipc____v___col__82_,sc_st__prevention_of_atrocities__act_r_w_ipc___kidnapping_and_abduction___kidnapping_and_abduction_of_women_to_compel_her_for_marriage__sec_366_ipc____r___col__83_,sc_st__prevention_of_atrocities__act_r_w_ipc___kidnapping_and_abduction___other_kidnapping_and_abduction__sec_365_366b__367_368_369_ipc____i___col__84_,sc_st__prevention_of_atrocities__act_r_w_ipc___kidnapping_and_abduction___other_kidnapping_and_abduction__sec_365_366b__367_368_369_ipc____v___col__85_,sc_st__prevention_of_atrocities__act_r_w_ipc___kidnapping_and_abduction___other_kidnapping_and_abduction__sec_365_366b__367_368_369_ipc____r___col__86_,sc_st__prevention_of_atrocities__act_r_w_ipc___rape__sec__376_ipc___total____i___col__87_,sc_st__prevention_of_atrocities__act_r_w_ipc___rape__sec__376_ipc___total____v___col__88_,sc_st__prevention_of_atrocities__act_r_w_ipc___rape__sec__376_ipc___total____r___col__89_,sc_st__prevention_of_atrocities__act_r_w_ipc___a__rape_of_women__sec__376_ipc___above_18_yrs____i___col__90_,sc_st__prevention_of_atrocities__act_r_w_ipc___a__rape_of_women__sec__376_ipc___above_18_yrs____v___col__91_,sc_st__prevention_of_atrocities__act_r_w_ipc___a__rape_of_women__sec__376_ipc___above_18_yrs____r___col__92_,sc_st__prevention_of_atrocities__act_r_w_ipc___b__rape_of_children__sec__4_and_6_of_pocso_act_or_pocso_4_and_6_r_w_376_ipc___below_18_yrs____i___col__93_,sc_st__prevention_of_atrocities__act_r_w_ipc___b__rape_of_children__sec__4_and_6_of_pocso_act_or_pocso_4_and_6_r_w_376_ipc___below_18_yrs____v___col__94_,sc_st__prevention_of_atrocities__act_r_w_ipc___b__rape_of_children__sec__4_and_6_of_pocso_act_or_pocso_4_and_6_r_w_376_ipc___below_18_yrs____r___col__95_,sc_st__prevention_of_atrocities__act_r_w_ipc___attempt_to_commit_rape__sec__376_511_ipc____i___col__96_,sc_st__prevention_of_atrocities__act_r_w_ipc___attempt_to_commit_rape__sec__376_511_ipc____v___col__97_,sc_st__prevention_of_atrocities__act_r_w_ipc___attempt_to_commit_rape__sec__376_511_ipc____r___col__98_,sc_st__prevention_of_atrocities__act_r_w_ipc___rioting__sec__147_151_ipc____i___col__99_,sc_st__prevention_of_atrocities__act_r_w_ipc___rioting__sec__147_151_ipc____v___col__100_,sc_st__prevention_of_atrocities__act_r_w_ipc___rioting__sec__147_151_ipc____r___col__101_,sc_st__prevention_of_atrocities__act_r_w_ipc___robbery__sec__392_to_394__397_and_398_ipc____i___col__102_,sc_st__prevention_of_atrocities__act_r_w_ipc___robbery__sec__392_to_394__397_and_398_ipc____v___col__103_,sc_st__prevention_of_atrocities__act_r_w_ipc___robbery__sec__392_to_394__397_and_398_ipc____r___col__104_,sc_st__prevention_of_atrocities__act_r_w_ipc___dacoity__sec__395__396__397_and_398_ipc____dacoity__sec__395__396__397_and_398_ipc___total____i___col__105_,sc_st__prevention_of_atrocities__act_r_w_ipc___dacoity__sec__395__396__397_and_398_ipc____dacoity__sec__395__396__397_and_398_ipc___total____v___col__106_,sc_st__prevention_of_atrocities__act_r_w_ipc___dacoity__sec__395__396__397_and_398_ipc____dacoity__sec__395__396__397_and_398_ipc___total____r___col__107_,sc_st__prevention_of_atrocities__act_r_w_ipc___dacoity__sec__395__396__397_and_398_ipc____a__dacoity_with_murder__sec__396_ipc____i___col__108_,sc_st__prevention_of_atrocities__act_r_w_ipc___dacoity__sec__395__396__397_and_398_ipc____a__dacoity_with_murder__sec__396_ipc____v___col__109_,sc_st__prevention_of_atrocities__act_r_w_ipc___dacoity__sec__395__396__397_and_398_ipc____a__dacoity_with_murder__sec__396_ipc____r___col__110_,sc_st__prevention_of_atrocities__act_r_w_ipc___dacoity__sec__395__396__397_and_398_ipc____b__dacoity__sec__395__397__398_ipc____i___col__111_,sc_st__prevention_of_atrocities__act_r_w_ipc___dacoity__sec__395__396__397_and_398_ipc____b__dacoity__sec__395__397__398_ipc____v___col__112_,sc_st__prevention_of_atrocities__act_r_w_ipc___dacoity__sec__395__396__397_and_398_ipc____b__dacoity__sec__395__397__398_ipc____r___col__113_,sc_st__prevention_of_atrocities__act_r_w_ipc___arson__sec__435__436_and_438_ipc____i___col__114_,sc_st__prevention_of_atrocities__act_r_w_ipc___arson__sec__435__436_and_438_ipc____v___col__115_,sc_st__prevention_of_atrocities__act_r_w_ipc___arson__sec__435__436_and_438_ipc____r___col__116_,sc_st__prevention_of_atrocities__act_r_w_ipc___criminal_intimidation__sec__506_ipc____i___col__117_,sc_st__prevention_of_atrocities__act_r_w_ipc___criminal_intimidation__sec__506_ipc____v___col__118_,sc_st__prevention_of_atrocities__act_r_w_ipc___criminal_intimidation__sec__506_ipc____r___col__119_,sc_st__prevention_of_atrocities__act_r_w_ipc___other_ipc_crimes___i___col__120_,sc_st__prevention_of_atrocities__act_r_w_ipc___other_ipc_crimes___v___col__121_,sc_st__prevention_of_atrocities__act_r_w_ipc___other_ipc_crimes___r___col__122_,sc___st__prevention_of_atrocities__act_only___sc___st__prevention_of_atrocities__act_only__total___without_ipc____i___col__123_,sc___st__prevention_of_atrocities__act_only___sc___st__prevention_of_atrocities__act_only__total___without_ipc____v___col__124_,sc___st__prevention_of_atrocities__act_only___sc___st__prevention_of_atrocities__act_only__total___without_ipc____r___col__125_,sc___st__prevention_of_atrocities__act_only___a__intentionally_insult_or_intimidate_with_intent_to_humiliate___i___col__126_,sc___st__prevention_of_atrocities__act_only___a__intentionally_insult_or_intimidate_with_intent_to_humiliate___v___col__127_,sc___st__prevention_of_atrocities__act_only___a__intentionally_insult_or_intimidate_with_intent_to_humiliate___r___col__128_,sc___st__prevention_of_atrocities__act_only___b_occupy_disposes_land_belongs_to_scs___i___col__129_,sc___st__prevention_of_atrocities__act_only___b_occupy_disposes_land_belongs_to_scs___v___col__130_,sc___st__prevention_of_atrocities__act_only___b_occupy_disposes_land_belongs_to_scs___r___col__131_,sc___st__prevention_of_atrocities__act_only___c__prevent_or_deny_or_obstruct_usage_of_public_place_passage___i___col__132_,sc___st__prevention_of_atrocities__act_only___c__prevent_or_deny_or_obstruct_usage_of_public_place_passage___v___col__133_,sc___st__prevention_of_atrocities__act_only___c__prevent_or_deny_or_obstruct_usage_of_public_place_passage___r___col__134_,sc___st__prevention_of_atrocities__act_only___d__force_to_leave_place_of_residence_social_boycott___i___col__135_,sc___st__prevention_of_atrocities__act_only___d__force_to_leave_place_of_residence_social_boycott___v___col__136_,sc___st__prevention_of_atrocities__act_only___d__force_to_leave_place_of_residence_social_boycott___r___col__137_,sc___st__prevention_of_atrocities__act_only___e__other_offences___i___col__138_,sc___st__prevention_of_atrocities__act_only___e__other_offences___v___col__139_,sc___st__prevention_of_atrocities__act_only___e__other_offences___r___col__140_,total_of_sc_st__prevention_of_atrocities__act__with_and_without_ipc____i___col__141_,total_of_sc_st__prevention_of_atrocities__act__with_and_without_ipc____v___col__142_,total_of_sc_st__prevention_of_atrocities__act__with_and_without_ipc____r___col__143_,protection_of_civil_rights_act__1955___i___col__144_,protection_of_civil_rights_act__1955___v___col__145_,protection_of_civil_rights_act__1955___r___col__146_,total_crime_atrocities_against_scheduled_castes___i___col__147_,total_crime_atrocities_against_scheduled_castes___v___col__148_,total_crime_atrocities_against_scheduled_castes___r___col__149_
1,Andhra Pradesh,2190,2296,25.9,49,50,0.6,77,79,0.9,601,657,7.1,5,5,0.1,5,5,0.1,0,0,0,0,0,0,0,0,0,245,248,2.9,232,235,2.7,165,167,2,35,35,0.4,14,14,0.2,2,2,0,16,17,0.2,13,13,0.2,113,113,1.3,25,25,0.3,13,13,0.2,2,2,0,11,11,0.1,0,0,0,0,0,0,0,0,0,6,6,0.1,2,2,0,4,4,0,144,145,1.7,86,87,1,58,58,0.7,6,6,0.1,13,39,0.2,2,2,0,1,1,0,0,0,0,1,1,0,6,6,0.1,262,263,3.1,641,657,7.6,125,135,1.5,76,76,0.9,0,0,0,1,1,0,0,0,0,48,58,0.6,2315,2431,27.4,0,0,0,2315,2431,27.4
2,Arunachal Pradesh,0,0,NA,0,0,NA,0,0,NA,0,0,NA,0,0,NA,0,0,NA,0,0,NA,0,0,NA,0,0,NA,0,0,NA,0,0,NA,0,0,NA,0,0,NA,0,0,NA,0,0,NA,0,0,NA,0,0,NA,0,0,NA,0,0,NA,0,0,NA,0,0,NA,0,0,NA,0,0,NA,0,0,NA,0,0,NA,0,0,NA,0,0,NA,0,0,NA,0,0,NA,0,0,NA,0,0,NA,0,0,NA,0,0,NA,0,0,NA,0,0,NA,0,0,NA,0,0,NA,0,0,NA,0,0,NA,0,0,NA,0,0,NA,0,0,NA,0,0,NA,0,0,NA,0,0,NA,0,0,NA,0,0,NA,0,0,NA,0,0,NA
3,Assam,4,4,0.2,0,0,0,0,0,0,0,0,0,0,0,0,0,0,0,0,0,0,0,0,0,0,0,0,0,0,0,0,0,0,0,0,0,0,0,0,0,0,0,0,0,0,0,0,0,0,0,0,0,0,0,0,0,0,0,0,0,0,0,0,0,0,0,0,0,0,0,0,0,0,0,0,0,0,0,0,0,0,0,0,0,0,0,0,0,0,0,0,0,0,0,0,0,0,0,0,0,0,0,0,0,0,0,0,0,0,0,0,0,0,0,0,0,0,4,4,0.2,10,11,0.4,1,1,0,0,0,0,0,0,0,0,0,0,9,10,0.4,14,15,0.6,0,0,0,14,15,0.6
4,Bihar,6509,6765,39.3,168,168,1,67,69,0.4,5335,5455,32.2,480,492,2.9,480,492,2.9,0,0,0,0,0,0,0,0,0,30,30,0.2,28,28,0.2,16,16,0.1,5,5,0,7,7,0,0,0,0,0,0,0,2,2,0,0,0,0,62,62,0.4,1,1,0,0,0,0,1,1,0,0,0,0,0,0,0,0,0,0,47,47,0.3,2,2,0,12,12,0.1,161,161,1,151,151,0.9,10,10,0.1,1,2,0,7,10,0,0,0,0,0,0,0,0,0,0,0,0,0,87,88,0.5,0,0,0,111,228,0.7,0,0,0,0,0,0,0,0,0,0,0,0,0,0,0,0,0,0,6509,6765,39.3,0,0,0,6509,6765,39.3
5,Chhattisgarh,321,335,9.8,10,10,0.3,8,8,0.2,53,53,1.6,3,3,0.1,3,3,0.1,0,0,0,0,0,0,0,0,0,49,49,1.5,35,35,1.1,27,27,0.8,6,6,0.2,0,0,0,0,0,0,2,2,0.1,14,14,0.4,2,2,0.1,2,2,0.1,1,1,0,1,1,0,0,0,0,0,0,0,0,0,0,0,0,0,1,1,0,0,0,0,0,0,0,122,122,3.7,69,69,2.1,53,53,1.6,0,0,0,14,25,0.4,2,2,0.1,0,0,0,0,0,0,0,0,0,1,1,0,12,12,0.4,43,46,1.3,2,2,0.1,1,1,0,0,0,0,0,0,0,0,0,0,1,1,0,323,337,9.9,0,0,0,323,337,9.9
6,Goa,4,4,15.7,0,0,0,0,0,0,0,0,0,0,0,0,0,0,0,0,0,0,0,0,0,0,0,0,0,0,0,0,0,0,0,0,0,0,0,0,0,0,0,0,0,0,0,0,0,0,0,0,2,2,7.9,0,0,0,0,0,0,0,0,0,0,0,0,0,0,0,0,0,0,0,0,0,0,0,0,0,0,0,0,0,0,0,0,0,0,0,0,0,0,0,0,0,0,0,0,0,0,0,0,0,0,0,0,0,0,0,0,0,0,0,0,2,2,7.9,0,0,0,4,4,15.7,2,2,7.9,0,0,0,0,0,0,0,0,0,2,2,7.9,8,8,31.4,0,0,0,8,8,31.4
7,Gujarat,1214,1322,29.8,30,32,0.7,29,31,0.7,159,174,3.9,89,112,2.2,89,112,2.2,0,0,0,0,0,0,0,0,0,53,53,1.3,44,44,1.1,18,18,0.4,11,11,0.3,4,4,0.1,0,0,0,11,11,0.3,9,9,0.2,0,0,0,22,22,0.5,6,6,0.1,0,0,0,6,6,0.1,0,0,0,0,0,0,0,0,0,12,12,0.3,0,0,0,4,4,0.1,129,129,3.2,50,50,1.2,79,79,1.9,0,0,0,24,29,0.6,13,13,0.3,0,0,0,0,0,0,0,0,0,6,6,0.1,390,440,9.6,270,281,6.6,65,66,1.6,37,37,0.9,0,0,0,0,0,0,1,1,0,27,28,0.7,1279,1388,31.4,0,0,0,1279,1388,31.4
8,Haryana,1535,1561,30,45,45,0.9,22,22,0.4,122,123,2.4,25,28,0.5,24,27,0.5,1,1,0,0,0,0,0,0,0,253,254,4.9,183,184,3.6,41,42,0.8,81,81,1.6,30,30,0.6,4,4,0.1,27,27,0.5,70,70,1.4,18,18,0.4,44,44,0.9,1,1,0,1,1,0,0,0,0,0,0,0,0,0,0,0,0,0,6,6,0.1,14,14,0.3,23,23,0.4,245,246,4.8,148,149,2.9,97,97,1.9,8,8,0.2,100,104,2,5,6,0.1,0,0,0,0,0,0,0,0,0,4,4,0.1,309,322,6,335,337,6.6,98,98,1.9,23,23,0.4,0,0,0,1,1,0,0,0,0,74,74,1.4,1633,1659,31.9,0,0,0,1633,1659,31.9
9,Himachal Pradesh,18,18,1,1,1,0.1,1,1,0.1,0,0,0,0,0,0,0,0,0,0,0,0,0,0,0,0,0,0,6,6,0.3,3,3,0.2,1,1,0.1,2,2,0.1,0,0,0,0,0,0,0,0,0,3,3,0.2,0,0,0,0,0,0,0,0,0,0,0,0,0,0,0,0,0,0,0,0,0,0,0,0,0,0,0,0,0,0,0,0,0,8,8,0.5,7,7,0.4,1,1,0.1,0,0,0,0,0,0,0,0,0,0,0,0,0,0,0,0,0,0,0,0,0,0,0,0,2,2,0.1,191,203,11,83,83,4.8,33,33,1.9,0,0,0,1,1,0.1,74,86,4.3,209,221,12.1,1,1,0.1,210,222,12.1
10,Jharkhand,443,445,11.1,0,0,0,21,21,0.5,124,126,3.1,33,33,0.8,33,33,0.8,0,0,0,0,0,0,0,0,0,28,28,0.7,28,28,0.7,22,22,0.6,2,2,0.1,4,4,0.1,0,0,0,0,0,0,0,0,0,0,0,0,1,1,0,0,0,0,0,0,0,0,0,0,0,0,0,0,0,0,1,1,0,0,0,0,0,0,0,0,0,0,12,12,0.3,12,12,0.3,0,0,0,8,8,0.2,54,54,1.4,0,0,0,0,0,0,0,0,0,0,0,0,1,1,0,6,6,0.2,155,155,3.9,231,246,5.8,109,109,2.7,7,7,0.2,0,0,0,11,11,0.3,104,119,2.6,674,691,16.9,0,0,0,674,691,16.9
11,Karnataka,1930,2418,18.4,72,73,0.7,140,183,1.3,374,520,3.6,37,55,0.4,36,52,0.3,1,3,0,0,0,0,0,0,0,283,324,2.7,264,296,2.5,210,235,2,17,23,0.2,35,36,0.3,0,0,0,2,2,0,19,28,0.2,3,3,0,11,11,0.1,7,7,0.1,1,1,0,6,6,0.1,0,0,0,0,0,0,0,0,0,1,1,0,0,0,0,3,3,0,204,207,1.9,67,69,0.6,137,138,1.3,0,0,0,166,342,1.6,9,9,0.1,2,5,0,0,0,0,2,5,0,1,1,0,339,374,3.2,289,311,2.8,42,65,0.4,25,46,0.2,0,0,0,0,0,0,1,1,0,16,18,0.2,1972,2483,18.8,5,5,0,1977,2488,18.9
12,Kerala,1021,1047,33.6,11,11,0.4,24,25,0.8,231,249,7.6,61,64,2,61,64,2,0,0,0,0,0,0,0,0,0,252,253,8.3,169,170,5.6,97,97,3.2,59,60,1.9,8,8,0.3,1,1,0,4,4,0.1,83,83,2.7,8,8,0.3,7,7,0.2,5,5,0.2,0,0,0,5,5,0.2,0,0,0,0,0,0,0,0,0,0,0,0,1,1,0,1,1,0,192,192,6.3,82,82,2.7,110,110,3.6,3,3,0.1,12,12,0.4,0,0,0,0,0,0,0,0,0,0,0,0,1,1,0,32,32,1.1,187,190,6.2,29,32,1,23,26,0.8,1,1,0,0,0,0,0,0,0,5,5,0.2,1050,1079,34.5,0,0,0,1050,1079,34.5
13,Madhya Pradesh,7732,8089,68.2,83,83,0.7,83,84,0.7,4805,5062,42.4,126,147,1.1,124,145,1.1,0,0,0,0,0,0,2,2,0,613,625,5.4,469,481,4.1,326,329,2.9,87,96,0.8,4,4,0,14,14,0.1,38,38,0.3,144,144,1.3,10,10,0.1,59,59,0.5,29,29,0.3,9,9,0.1,20,20,0.2,0,0,0,0,0,0,2,2,0,17,17,0.1,4,4,0,7,7,0.1,589,589,5.2,373,373,3.3,216,216,1.9,0,0,0,64,86,0.6,4,4,0,0,0,0,0,0,0,0,0,0,32,32,0.3,573,580,5.1,691,728,6.1,1,1,0,1,1,0,0,0,0,0,0,0,0,0,0,0,0,0,7733,8090,68.2,0,0,0,7733,8090,68.2
14,Maharashtra,2376,2555,17.9,76,80,0.6,99,119,0.7,317,353,2.4,94,120,0.7,94,120,0.7,0,0,0,0,0,0,0,0,0,488,493,3.7,377,382,2.8,204,209,1.5,117,117,0.9,14,14,0.1,2,2,0,40,40,0.3,111,111,0.8,12,12,0.1,36,36,0.3,25,25,0.2,3,3,0,22,22,0.2,1,1,0,0,0,0,2,2,0,4,4,0,0,0,0,4,4,0,462,463,3.5,268,268,2,194,195,1.5,0,0,0,265,327,2,10,12,0.1,3,3,0,0,0,0,3,3,0,3,3,0,11,11,0.1,500,523,3.8,365,380,2.7,253,264,1.9,2,2,0,0,0,0,0,0,0,110,114,0.8,2741,2935,20.6,2,2,0,2743,2937,20.7
15,Manipur,0,0,0,0,0,0,0,0,0,0,0,0,0,0,0,0,0,0,0,0,0,0,0,0,0,0,0,0,0,0,0,0,0,0,0,0,0,0,0,0,0,0,0,0,0,0,0,0,0,0,0,0,0,0,0,0,0,0,0,0,0,0,0,0,0,0,0,0,0,0,0,0,0,0,0,0,0,0,0,0,0,0,0,0,0,0,0,0,0,0,0,0,0,0,0,0,0,0,0,0,0,0,0,0,0,0,0,0,0,0,0,0,0,0,0,0,0,0,0,0,0,0,0,0,0,0,0,0,0,0,0,0,0,0,0,0,0,0,0,0,0,0,0,0,0,0,0
16,Meghalaya,0,0,0,0,0,0,0,0,0,0,0,0,0,0,0,0,0,0,0,0,0,0,0,0,0,0,0,0,0,0,0,0,0,0,0,0,0,0,0,0,0,0,0,0,0,0,0,0,0,0,0,0,0,0,0,0,0,0,0,0,0,0,0,0,0,0,0,0,0,0,0,0,0,0,0,0,0,0,0,0,0,0,0,0,0,0,0,0,0,0,0,0,0,0,0,0,0,0,0,0,0,0,0,0,0,0,0,0,0,0,0,0,0,0,0,0,0,0,0,0,0,0,0,0,0,0,0,0,0,0,0,0,0,0,0,0,0,0,0,0,0,0,0,0,0,0,0
17,Mizoram,5,5,410.5,3,3,246.3,0,0,0,0,0,0,0,0,0,0,0,0,0,0,0,0,0,0,0,0,0,0,0,0,0,0,0,0,0,0,0,0,0,0,0,0,0,0,0,0,0,0,0,0,0,0,0,0,1,1,82.1,1,1,82.1,0,0,0,1,1,82.1,0,0,0,0,0,0,0,0,0,0,0,0,0,0,0,0,0,0,1,1,82.1,1,1,82.1,0,0,0,0,0,0,0,0,0,0,0,0,0,0,0,0,0,0,0,0,0,0,0,0,0,0,0,0,0,0,0,0,0,0,0,0,0,0,0,0,0,0,0,0,0,0,0,0,5,5,410.5,0,0,0,5,5,410.5
18,Nagaland,0,0,NA,0,0,NA,0,0,NA,0,0,NA,0,0,NA,0,0,NA,0,0,NA,0,0,NA,0,0,NA,0,0,NA,0,0,NA,0,0,NA,0,0,NA,0,0,NA,0,0,NA,0,0,NA,0,0,NA,0,0,NA,0,0,NA,0,0,NA,0,0,NA,0,0,NA,0,0,NA,0,0,NA,0,0,NA,0,0,NA,0,0,NA,0,0,NA,0,0,NA,0,0,NA,0,0,NA,0,0,NA,0,0,NA,0,0,NA,0,0,NA,0,0,NA,0,0,NA,0,0,NA,0,0,NA,0,0,NA,0,0,NA,0,0,NA,0,0,NA,0,0,NA,0,0,NA,0,0,NA,0,0,NA,0,0,NA,0,0,NA
19,Odisha,2902,2902,40.4,21,21,0.3,260,260,3.6,1,1,0,0,0,0,0,0,0,0,0,0,0,0,0,0,0,0,7,7,0.1,6,6,0.1,4,4,0.1,0,0,0,2,2,0,0,0,0,0,0,0,1,1,0,0,0,0,0,0,0,0,0,0,0,0,0,0,0,0,0,0,0,0,0,0,0,0,0,0,0,0,0,0,0,0,0,0,192,192,2.7,190,190,2.6,2,2,0,0,0,0,3,3,0,0,0,0,1,1,0,0,0,0,1,1,0,8,8,0.1,1439,1439,20,970,970,13.5,0,0,0,0,0,0,0,0,0,0,0,0,0,0,0,0,0,0,2902,2902,40.4,0,0,0,2902,2902,40.4
20,Punjab,112,115,1.3,6,6,0.1,5,5,0.1,12,14,0.1,8,8,0.1,7,7,0.1,1,1,0,0,0,0,0,0,0,14,14,0.2,14,14,0.2,6,6,0.1,7,7,0.1,1,1,0,0,0,0,0,0,0,0,0,0,0,0,0,3,3,0,0,0,0,0,0,0,0,0,0,0,0,0,0,0,0,0,0,0,0,0,0,0,0,0,3,3,0,12,12,0.1,10,10,0.1,2,2,0,0,0,0,0,0,0,0,0,0,0,0,0,0,0,0,0,0,0,0,0,0,3,3,0,49,50,0.6,50,50,0.6,28,28,0.3,0,0,0,0,0,0,0,0,0,22,22,0.2,162,165,1.8,0,0,0,162,165,1.8
21,Rajasthan,8651,8748,70.8,99,100,0.8,138,139,1.1,2301,2338,18.8,9,9,0.1,8,8,0.1,0,0,0,0,0,0,1,1,0,676,683,5.5,601,608,4.9,434,440,3.6,75,75,0.6,40,40,0.3,4,4,0,48,49,0.4,75,75,0.6,11,11,0.1,172,174,1.4,50,52,0.4,9,9,0.1,41,43,0.3,8,8,0.1,2,2,0,2,2,0,35,35,0.3,0,0,0,75,75,0.6,658,658,5.4,595,595,4.9,63,63,0.5,70,70,0.6,6,6,0,5,5,0,0,0,0,0,0,0,0,0,0,8,8,0.1,15,15,0.1,4483,4532,36.7,101,105,0.8,55,56,0.5,0,0,0,0,0,0,0,0,0,46,49,0.4,8752,8853,71.6,0,0,0,8752,8853,71.6
22,Sikkim,0,0,0,0,0,0,0,0,0,0,0,0,0,0,0,0,0,0,0,0,0,0,0,0,0,0,0,0,0,0,0,0,0,0,0,0,0,0,0,0,0,0,0,0,0,0,0,0,0,0,0,0,0,0,0,0,0,0,0,0,0,0,0,0,0,0,0,0,0,0,0,0,0,0,0,0,0,0,0,0,0,0,0,0,0,0,0,0,0,0,0,0,0,0,0,0,0,0,0,0,0,0,0,0,0,0,0,0,0,0,0,0,0,0,0,0,0,0,0,0,3,4,10.6,3,4,10.6,0,0,0,0,0,0,0,0,0,0,0,0,3,4,10.6,0,0,0,3,4,10.6
23,Tamil Nadu,1684,1830,11.7,55,56,0.4,56,61,0.4,736,783,5.1,5,7,0,5,7,0,0,0,0,0,0,0,0,0,0,92,109,0.6,42,42,0.3,26,26,0.2,12,12,0.1,2,2,0,0,0,0,2,2,0,50,67,0.3,0,0,0,10,10,0.1,2,2,0,0,0,0,2,2,0,0,0,0,0,0,0,0,0,0,6,6,0,1,1,0,1,1,0,166,168,1.1,50,50,0.3,116,118,0.8,0,0,0,65,98,0.5,1,1,0,0,0,0,0,0,0,0,0,0,5,5,0,142,148,1,351,384,2.4,77,78,0.5,40,40,0.3,5,5,0,1,1,0,1,1,0,30,31,0.2,1761,1908,12.2,0,0,0,1761,1908,12.2
24,Telangana,1725,1820,31.8,31,31,0.6,25,25,0.5,266,302,4.9,9,9,0.2,9,9,0.2,0,0,0,0,0,0,0,0,0,112,115,2.1,104,107,1.9,66,68,1.2,22,22,0.4,4,5,0.1,1,1,0,11,11,0.2,8,8,0.1,41,41,0.8,13,13,0.2,6,6,0.1,2,2,0,4,4,0.1,0,0,0,0,0,0,0,0,0,6,6,0.1,0,0,0,1,1,0,277,280,5.1,151,151,2.8,126,129,2.3,0,0,0,2,2,0,1,1,0,0,0,0,0,0,0,0,0,0,2,2,0,221,227,4.1,725,772,13.3,62,62,1.1,31,31,0.6,2,2,0,0,0,0,0,0,0,29,29,0.5,1787,1882,32.9,0,0,0,1787,1882,32.9
25,Tripura,0,0,0,0,0,0,0,0,0,0,0,0,0,0,0,0,0,0,0,0,0,0,0,0,0,0,0,0,0,0,0,0,0,0,0,0,0,0,0,0,0,0,0,0,0,0,0,0,0,0,0,0,0,0,0,0,0,0,0,0,0,0,0,0,0,0,0,0,0,0,0,0,0,0,0,0,0,0,0,0,0,0,0,0,0,0,0,0,0,0,0,0,0,0,0,0,0,0,0,0,0,0,0,0,0,0,0,0,0,0,0,0,0,0,0,0,0,0,0,0,2,2,0.3,2,2,0.3,0,0,0,0,0,0,0,0,0,0,0,0,2,2,0.3,0,0,0,2,2,0.3
26,Uttar Pradesh,12287,12589,29.7,189,198,0.5,63,75,0.2,2976,3012,7.2,290,316,0.7,281,307,0.7,0,0,0,0,0,0,9,9,0,939,940,2.3,820,821,2,444,444,1.1,220,220,0.5,141,142,0.3,4,4,0,11,11,0,119,119,0.3,0,0,0,617,617,1.5,347,347,0.8,186,186,0.4,161,161,0.4,0,0,0,1,1,0,0,0,0,267,267,0.6,0,0,0,2,2,0,646,646,1.6,504,504,1.2,142,142,0.3,4,4,0,177,186,0.4,2,2,0,1,1,0,0,0,0,1,1,0,2,2,0,1505,1538,3.6,4876,5052,11.8,3081,3085,7.4,841,841,2,0,0,0,300,300,0.7,0,0,0,1940,1944,4.7,15368,15674,37.2,0,0,0,15368,15674,37.2
27,Uttarakhand,62,62,3.3,3,3,0.2,1,1,0.1,0,0,0,2,2,0.1,2,2,0.1,0,0,0,0,0,0,0,0,0,1,1,0.1,1,1,0.1,1,1,0.1,0,0,0,0,0,0,0,0,0,0,0,0,0,0,0,1,1,0.1,1,1,0.1,1,1,0.1,1,1,0.1,0,0,0,0,0,0,0,0,0,0,0,0,0,0,0,0,0,0,0,0,0,17,17,0.9,17,17,0.9,0,0,0,4,4,0.2,0,0,0,1,1,0.1,1,1,0.1,0,0,0,1,1,0.1,0,0,0,3,3,0.2,27,27,1.4,52,59,2.7,36,43,1.9,0,0,0,0,0,0,0,0,0,16,16,0.8,114,121,6,0,0,0,114,121,6
28,West Bengal,79,148,0.4,2,4,0,6,6,0,0,0,0,5,7,0,5,7,0,0,0,0,0,0,0,0,0,0,2,2,0,2,2,0,1,1,0,1,1,0,0,0,0,0,0,0,0,0,0,0,0,0,0,0,0,0,0,0,0,0,0,0,0,0,0,0,0,0,0,0,0,0,0,0,0,0,0,0,0,0,0,0,0,0,0,0,0,0,0,0,0,0,0,0,0,0,0,0,0,0,0,0,0,0,0,0,0,0,0,0,0,0,0,0,0,5,5,0,59,124,0.3,25,25,0.1,2,2,0,0,0,0,0,0,0,0,0,0,23,23,0.1,104,173,0.5,0,0,0,104,173,0.5
Total State (S),Total State (S),52804,55078,26.8,954,975,0.5,1125,1214,0.6,18413,19222,9.3,1281,1417,0.6,1266,1400,0.6,3,5,0,0,0,0,12,12,0,4143,4234,2.1,3422,3487,1.7,2109,2153,1.1,759,775,0.4,310,313,0.2,32,32,0,212,214,0.1,721,747,0.4,221,221,0.1,1086,1088,0.6,495,497,0.3,215,215,0.1,280,282,0.1,9,9,0,3,3,0,7,7,0,408,408,0.2,24,24,0,140,140,0.1,4237,4248,2.1,2831,2835,1.4,1406,1413,0.7,104,105,0.1,972,1323,0.5,55,58,0,9,12,0,0,0,0,9,12,0,167,168,0.1,5269,5420,2.7,14768,15373,7.5,4616,4713,2.3,1672,1716,0.8,50,50,0,303,303,0.2,15,15,0,2576,2629,1.3,57420,59791,29.1,8,8,0,57428,59799,29.1
29,Andaman and Nicobar Islands,0,0,NA,0,0,NA,0,0,NA,0,0,NA,0,0,NA,0,0,NA,0,0,NA,0,0,NA,0,0,NA,0,0,NA,0,0,NA,0,0,NA,0,0,NA,0,0,NA,0,0,NA,0,0,NA,0,0,NA,0,0,NA,0,0,NA,0,0,NA,0,0,NA,0,0,NA,0,0,NA,0,0,NA,0,0,NA,0,0,NA,0,0,NA,0,0,NA,0,0,NA,0,0,NA,0,0,NA,0,0,NA,0,0,NA,0,0,NA,0,0,NA,0,0,NA,0,0,NA,0,0,NA,0,0,NA,0,0,NA,0,0,NA,0,0,NA,0,0,NA,0,0,NA,0,0,NA,0,0,NA,0,0,NA,0,0,NA,0,0,NA
30,Chandigarh,2,2,1,0,0,0,0,0,0,0,0,0,0,0,0,0,0,0,0,0,0,0,0,0,0,0,0,0,0,0,0,0,0,0,0,0,0,0,0,0,0,0,0,0,0,0,0,0,0,0,0,0,0,0,0,0,0,0,0,0,0,0,0,0,0,0,0,0,0,0,0,0,0,0,0,0,0,0,0,0,0,0,0,0,0,0,0,0,0,0,0,0,0,0,0,0,0,0,0,0,0,0,0,0,0,0,0,0,0,0,0,0,0,0,0,0,0,2,2,1,2,2,1,2,2,1,0,0,0,0,0,0,0,0,0,0,0,0,4,4,2,0,0,0,4,4,2
31,Dadra and Nagar Haveli and Daman and Diu,0,0,0,0,0,0,0,0,0,0,0,0,0,0,0,0,0,0,0,0,0,0,0,0,0,0,0,0,0,0,0,0,0,0,0,0,0,0,0,0,0,0,0,0,0,0,0,0,0,0,0,0,0,0,0,0,0,0,0,0,0,0,0,0,0,0,0,0,0,0,0,0,0,0,0,0,0,0,0,0,0,0,0,0,0,0,0,0,0,0,0,0,0,0,0,0,0,0,0,0,0,0,0,0,0,0,0,0,0,0,0,0,0,0,0,0,0,0,0,0,0,0,0,0,0,0,0,0,0,0,0,0,0,0,0,0,0,0,0,0,0,0,0,0,0,0,0
32,Delhi,47,47,1.7,0,0,0,1,1,0,9,9,0.3,0,0,0,0,0,0,0,0,0,0,0,0,0,0,0,17,17,0.6,17,17,0.6,14,14,0.5,1,1,0,2,2,0.1,0,0,0,0,0,0,0,0,0,5,5,0.2,1,1,0,1,1,0,0,0,0,1,1,0,0,0,0,0,0,0,0,0,0,0,0,0,0,0,0,0,0,0,3,3,0.1,3,3,0.1,0,0,0,0,0,0,0,0,0,0,0,0,0,0,0,0,0,0,0,0,0,0,0,0,5,5,0.2,6,6,0.2,83,85,3,59,61,2.1,0,0,0,2,2,0.1,0,0,0,22,22,0.8,130,132,4.6,0,0,0,130,132,4.6
33,Jammu and Kashmir,5,5,0.5,0,0,0,0,0,0,0,0,0,0,0,0,0,0,0,0,0,0,0,0,0,0,0,0,0,0,0,0,0,0,0,0,0,0,0,0,0,0,0,0,0,0,0,0,0,0,0,0,0,0,0,0,0,0,0,0,0,0,0,0,0,0,0,0,0,0,0,0,0,0,0,0,0,0,0,0,0,0,0,0,0,1,1,0.1,1,1,0.1,0,0,0,0,0,0,0,0,0,0,0,0,0,0,0,0,0,0,0,0,0,0,0,0,0,0,0,4,4,0.4,1,1,0.1,1,1,0.1,0,0,0,0,0,0,0,0,0,0,0,0,6,6,0.6,5,5,0.5,11,11,1.2
34,Ladakh,0,0,0,0,0,0,0,0,0,0,0,0,0,0,0,0,0,0,0,0,0,0,0,0,0,0,0,0,0,0,0,0,0,0,0,0,0,0,0,0,0,0,0,0,0,0,0,0,0,0,0,0,0,0,0,0,0,0,0,0,0,0,0,0,0,0,0,0,0,0,0,0,0,0,0,0,0,0,0,0,0,0,0,0,0,0,0,0,0,0,0,0,0,0,0,0,0,0,0,0,0,0,0,0,0,0,0,0,0,0,0,0,0,0,0,0,0,0,0,0,0,0,0,0,0,0,0,0,0,0,0,0,0,0,0,0,0,0,0,0,0,0,0,0,0,0,0
35,Lakshadweep,0,0,NA,0,0,NA,0,0,NA,0,0,NA,0,0,NA,0,0,NA,0,0,NA,0,0,NA,0,0,NA,0,0,NA,0,0,NA,0,0,NA,0,0,NA,0,0,NA,0,0,NA,0,0,NA,0,0,NA,0,0,NA,0,0,NA,0,0,NA,0,0,NA,0,0,NA,0,0,NA,0,0,NA,0,0,NA,0,0,NA,0,0,NA,0,0,NA,0,0,NA,0,0,NA,0,0,NA,0,0,NA,0,0,NA,0,0,NA,0,0,NA,0,0,NA,0,0,NA,0,0,NA,0,0,NA,0,0,NA,0,0,NA,0,0,NA,0,0,NA,0,0,NA,0,0,NA,0,0,NA,0,0,NA,0,0,NA,0,0,NA
36,Puducherry,8,8,4.1,0,0,0,0,0,0,6,6,3.1,0,0,0,0,0,0,0,0,0,0,0,0,0,0,0,0,0,0,0,0,0,0,0,0,0,0,0,0,0,0,0,0,0,0,0,0,0,0,0,0,0,0,0,0,0,0,0,0,0,0,0,0,0,0,0,0,0,0,0,0,0,0,0,0,0,0,0,0,0,0,0,0,0,0,0,0,0,0,0,0,0,0,0,0,0,0,0,0,0,0,0,0,0,0,0,0,0,0,0,0,0,0,0,0,0,2,2,1,1,1,0.5,1,1,0.5,0,0,0,0,0,0,0,0,0,0,0,0,9,9,4.6,0,0,0,9,9,4.6
Total UT (S),Total UT (S),62,62,1.5,0,0,0,1,1,0,15,15,0.4,0,0,0,0,0,0,0,0,0,0,0,0,0,0,0,17,17,0.4,17,17,0.4,14,14,0.3,1,1,0,2,2,0,0,0,0,0,0,0,0,0,0,5,5,0.1,1,1,0,1,1,0,0,0,0,1,1,0,0,0,0,0,0,0,0,0,0,0,0,0,0,0,0,0,0,0,4,4,0.1,4,4,0.1,0,0,0,0,0,0,0,0,0,0,0,0,0,0,0,0,0,0,0,0,0,0,0,0,5,5,0.1,14,14,0.3,87,89,2.1,63,65,1.5,0,0,0,2,2,0,0,0,0,22,22,0.5,149,151,3.6,5,5,0.1,154,156,3.7
Total All India,Total All India,52866,55140,26.3,954,975,0.5,1126,1215,0.6,18428,19237,9.2,1281,1417,0.6,1266,1400,0.6,3,5,0,0,0,0,12,12,0,4160,4251,2.1,3439,3504,1.7,2123,2167,1.1,760,776,0.4,312,315,0.2,32,32,0,212,214,0.1,721,747,0.4,226,226,0.1,1087,1089,0.5,496,498,0.2,215,215,0.1,281,283,0.1,9,9,0,3,3,0,7,7,0,408,408,0.2,24,24,0,140,140,0.1,4241,4252,2.1,2835,2839,1.4,1406,1413,0.7,104,105,0.1,972,1323,0.5,55,58,0,9,12,0,0,0,0,9,12,0,167,168,0.1,5274,5425,2.6,14782,15387,7.3,4703,4802,2.3,1735,1781,0.9,50,50,0,305,305,0.2,15,15,0,2598,2651,1.3,57569,59942,28.6,13,13,0,57582,59955,28.6
